{"cameraMode":{"drawMode":0,"name":"Shaded","section":"Shading Mode"},"sceneLighting":true,"audioPlay":false,"sceneViewState":{"m_AlwaysRefresh":false,"showFog":true,"showSkybox":true,"showFlares":true,"showImageEffects":true,"showParticleSystems":true,"showVisualEffectGraphs":true,"m_FxEnabled":true},"in2DMode":false,"pivot":{"x":-2.2116684913635256,"y":-6.193331718444824,"z":2.4084038734436037},"rotation":{"x":-0.28523513674736025,"y":0.30922695994377139,"z":-0.0977935716509819,"w":-0.9019275307655335},"size":20.207782745361329,"orthographic":false}